network,sensor,channel,gap_start,gap_end,delta,n_samples,gap_type
C7,PA00,HHE,2021-09-16 14:42:52.22,2021-09-18 15:23:52.37,175260.14,17526014,empty
C7,PA00,HHN,2021-09-16 14:42:52.22,2021-09-18 15:23:52.67,175260.44,17526044,empty
C7,PPMA,HHE,2021-09-06 11:53:10.40,2021-09-06 14:07:03.94,8033.53,803353,empty
C7,PPMA,HHE,2021-09-10 22:33:39.54,2021-09-11 23:37:40.11,90240.56,9024056,empty
C7,PPMA,HHE,2021-09-21 10:27:32.50,2021-09-21 10:27:33.44,-1.4,-140,overlap
C7,PPMA,HHE,2021-01-11 08:13:30.96,2021-01-11 08:13:34.0,3.03,303,empty
C7,PPMA,HHE,2021-01-12 21:09:01.15,2021-01-12 21:09:03.0,1.84,184,empty
C7,PPMA,HHE,2021-01-15 08:06:03.89,2021-01-15 08:06:04.0,0.1,10,empty
C7,PPMA,HHE,2021-01-17 08:06:58.77,2021-01-17 09:07:18.15,3619.37,361937,empty
C7,PPMA,HHE,2021-01-19 08:08:09.0,2021-01-19 08:08:11.41,-2.42,-242,overlap
C7,PPMA,HHE,2021-01-21 08:14:11.0,2021-01-21 08:14:11.26,-0.27,-27,overlap
C7,PPMA,HHE,2021-01-23 08:11:11.0,2021-01-23 08:11:11.97,-0.98,-98,overlap
C7,PPMA,HHE,2021-01-25 08:06:18.67,2021-01-25 08:06:20.0,1.32,132,empty
C7,PPMA,HHE,2021-01-27 08:12:27.0,2021-01-27 08:12:29.89,-2.9,-290,overlap
C7,PPMA,HHE,2021-01-29 08:08:31.26,2021-01-29 08:08:32.0,0.73,73,empty
C7,PPMA,HHE,2021-01-31 08:14:51.42,2021-01-31 08:14:53.0,1.57,157,empty
C7,PPMA,HHE,2021-02-02 08:10:55.0,2021-02-02 08:10:55.21,-0.22,-22,overlap
C7,PPMA,HHE,2021-02-04 08:06:46.0,2021-02-04 08:06:47.0,0.99,99,empty
C7,PPMA,HHE,2021-02-06 08:05:22.0,2021-02-06 08:05:23.35,-1.36,-136,overlap
C7,PPMA,HHE,2021-02-08 08:11:21.99,2021-02-08 08:11:26.0,4.0,400,empty
C7,PPMA,HHE,2021-02-10 08:07:30.0,2021-02-10 08:07:33.69,-3.7,-370,overlap
C7,PPMA,HHE,2021-02-12 08:13:31.0,2021-02-12 08:13:31.10,-0.11,-11,overlap
C7,PPMA,HHE,2021-02-14 08:05:44.13,2021-02-14 08:05:45.0,0.86,86,empty
C7,PPMA,HHE,2021-02-16 08:11:54.0,2021-02-16 08:11:56.34,-2.35,-235,overlap
C7,PPMA,HHE,2021-02-18 08:07:51.83,2021-02-18 08:07:54.0,2.16,216,empty
C7,PPMA,HHE,2021-02-20 08:13:54.37,2021-02-20 08:13:56.0,1.62,162,empty
C7,PPMA,HHE,2021-02-22 08:10:01.0,2021-02-22 08:10:03.18,-2.19,-219,overlap
C7,PPMA,HHE,2021-02-24 08:06:07.0,2021-02-24 08:06:09.70,-2.71,-271,overlap
C7,PPMA,HHE,2021-02-26 08:14:24.24,2021-02-26 08:14:25.0,0.75,75,empty
C7,PPMA,HHE,2021-02-28 08:09:07.48,2021-02-28 08:09:09.0,1.51,151,empty
C7,PPMA,HHE,2021-03-02 08:05:16.0,2021-03-02 08:05:16.40,-0.41,-41,overlap
C7,PPMA,HHE,2021-03-04 08:10:38.36,2021-03-04 08:10:40.0,1.63,163,empty
C7,PPMA,HHE,2021-03-06 08:06:48.0,2021-03-06 08:06:48.63,-0.64,-64,overlap
C7,PPMA,HHE,2021-03-08 08:12:49.0,2021-03-08 08:12:50.13,-1.14,-114,overlap
C7,PPMA,HHE,2021-03-10 08:08:53.80,2021-03-10 08:08:55.0,1.91,191,empty
C7,PPMA,HHE,2021-03-12 08:05:30.93,2021-03-12 08:05:31.0,0.06,6,empty
C7,PPMA,HHE,2021-03-14 08:09:03.23,2021-03-14 08:09:06.0,2.76,276,empty
C7,PPMA,HHE,2021-03-16 08:05:10.59,2021-03-16 08:05:11.0,0.4,40,empty
C7,PPMA,HHE,2021-03-18 08:11:16.0,2021-03-18 08:11:16.12,-0.13,-13,overlap
C7,PPMA,HHE,2021-03-20 08:07:21.0,2021-03-20 08:07:23.39,-2.4,-240,overlap
C7,PPMA,HHE,2021-03-22 08:13:43.56,2021-03-22 08:13:46.0,2.43,243,empty
C7,PPMA,HHE,2021-03-22 09:46:29.90,2021-03-22 09:47:31.0,61.9,6190,empty
C7,PPMA,HHE,2021-03-30 11:31:28.34,2021-03-30 19:40:05.23,29316.88,2931688,empty
C7,PPMA,HHE,2021-04-13 12:10:17.47,2021-04-13 12:11:57.0,99.52,9952,empty
C7,PPMA,HHE,2021-04-27 23:02:25.41,2021-04-27 23:02:34.90,8.67,867,empty
C7,PPMA,HHE,2021-05-27 13:28:39.65,2021-05-27 13:28:45.28,5.62,562,empty
C7,PPMA,HHE,2021-06-07 08:01:22.87,2021-06-07 14:04:55.90,21813.02,2181302,empty
C7,PPMA,HHE,2021-08-29 12:31:49.48,2021-08-29 12:40:35.12,525.63,52563,empty
C7,PPMA,HHE,2021-09-28 03:54:20.82,2021-11-07 12:18:38.54,3486257.71,348625771,empty
C7,PPMA,HHE,2021-11-13 11:45:25.79,2021-11-17 10:18:38.0,340392.2,34039220,empty
C7,PPMA,HHE,2021-11-17 16:32:27.23,2021-11-17 16:34:00.0,92.76,9276,empty
C7,PPMA,HHE,2021-11-17 17:56:27.95,2021-11-18 10:03:31.0,58023.04,5802304,empty
C7,PPMA,HHE,2021-11-18 13:27:57.86,2021-11-19 11:08:55.0,78057.13,7805713,empty
C7,PPMA,HHE,2021-11-19 11:49:01.20,2021-11-19 11:55:23.0,381.79,38179,empty
C7,PPMA,HHE,2021-11-19 11:55:27.25,2021-11-19 12:01:33.0,365.74,36574,empty
C7,PPMA,HHE,2021-11-19 12:47:02.82,2021-11-19 14:08:39.0,4896.17,489617,empty
C7,PPMA,HHE,2021-11-19 14:09:17.87,2021-11-19 14:30:11.0,1253.12,125312,empty
C7,PPMA,HHE,2021-11-19 14:31:24.50,2021-11-19 14:37:47.0,382.49,38249,empty
C7,PPMA,HHE,2021-11-19 14:39:25.68,2021-11-19 14:43:58.31,272.62,27262,empty
C7,PPMA,HHE,2021-11-20 04:13:38.12,2021-11-20 08:39:46.0,15967.87,1596787,empty
C7,PPMA,HHE,2021-11-22 08:37:56.85,2021-11-22 10:25:39.0,6462.14,646214,empty
C7,PPMA,HHE,2021-11-23 17:09:21.47,2021-11-24 08:45:08.0,56146.52,5614652,empty
C7,PPMA,HHE,2021-11-24 15:57:35.80,2021-11-24 16:12:16.0,880.19,88019,empty
C7,PPMA,HHE,2021-11-24 16:36:39.42,2021-11-24 16:48:21.0,701.57,70157,empty
C7,PPMA,HHE,2021-11-24 17:01:57.30,2021-11-24 17:11:58.0,600.69,60069,empty
C7,PPMA,HHE,2021-11-24 17:35:37.33,2021-11-25 12:12:16.0,66998.66,6699866,empty
C7,PPMA,HHE,2021-11-25 12:25:51.46,2021-11-25 12:29:01.0,189.53,18953,empty
C7,PPMA,HHE,2021-11-25 13:03:27.36,2021-11-25 14:07:30.0,3842.63,384263,empty
C7,PPMA,HHE,2021-11-25 14:16:56.88,2021-11-25 14:43:38.0,1601.11,160111,empty
C7,PPMA,HHE,2021-11-25 14:43:56.21,2021-11-25 15:42:08.0,3491.78,349178,empty
C7,PPMA,HHE,2021-11-25 15:57:55.97,2021-11-26 08:43:09.0,60313.02,6031302,empty
C7,PPMA,HHE,2021-11-26 08:51:52.60,2021-11-26 08:58:19.0,386.93,38693,empty
C7,PPMA,HHE,2021-11-26 09:40:12.61,2021-11-26 13:55:13.0,15300.38,1530038,empty
C7,PPMA,HHE,2021-11-26 14:02:33.40,2021-11-26 14:07:38.0,304.95,30495,empty
C7,PPMA,HHE,2021-11-26 16:42:59.50,2021-11-26 16:52:28.0,568.94,56894,empty
C7,PPMA,HHE,2021-11-26 16:53:45.70,2021-11-27 08:52:39.0,57533.29,5753329,empty
C7,PPMA,HHE,2021-11-27 08:53:41.77,2021-11-27 09:01:01.0,439.22,43922,empty
C7,PPMA,HHE,2021-11-27 09:02:49.28,2021-11-27 09:07:55.0,305.71,30571,empty
C7,PPMA,HHE,2021-11-27 09:08:11.68,2021-11-27 09:23:04.0,892.31,89231,empty
C7,PPMA,HHE,2021-11-27 09:23:29.78,2021-11-27 09:32:26.0,536.21,53621,empty
C7,PPMA,HHE,2021-11-27 09:32:36.71,2021-11-27 09:32:47.0,10.28,1028,empty
C7,PPMA,HHE,2021-11-27 09:40:32.38,2021-11-27 09:49:34.0,541.61,54161,empty
C7,PPMA,HHE,2021-11-27 09:57:32.26,2021-11-27 09:59:48.0,135.73,13573,empty
C7,PPMA,HHE,2021-11-27 11:10:20.15,2021-11-27 11:11:22.0,61.84,6184,empty
C7,PPMA,HHE,2021-11-27 11:21:19.85,2021-11-27 11:23:04.0,104.14,10414,empty
C7,PPMA,HHE,2021-11-27 11:36:55.48,2021-11-27 11:38:17.0,81.51,8151,empty
C7,PPMA,HHE,2021-11-27 11:58:40.56,2021-11-27 12:11:55.0,794.43,79443,empty
C7,PPMA,HHE,2021-11-27 12:15:41.82,2021-11-27 12:19:47.0,245.17,24517,empty
C7,PPMA,HHE,2021-11-27 12:22:30.40,2021-12-06 12:49:46.0,779235.95,77923595,empty
C7,PPMA,HHE,2021-12-06 12:53:01.50,2021-12-06 12:58:04.55,303.49,30349,empty
C7,PPMA,HHE,2021-12-06 17:49:57.20,2021-12-07 09:35:37.0,56739.79,5673979,empty
C7,PPMA,HHE,2021-12-07 09:44:02.20,2021-12-07 09:57:17.0,794.97,79497,empty
C7,PPMA,HHE,2021-12-07 10:15:19.78,2021-12-07 10:27:19.0,719.21,71921,empty
C7,PPMA,HHE,2021-12-07 11:56:43.95,2021-12-07 12:13:26.0,1002.04,100204,empty
C7,PPMA,HHE,2021-12-07 17:53:25.67,2021-12-08 11:32:45.0,63559.32,6355932,empty
C7,PPMA,HHE,2021-12-08 11:57:03.16,2021-12-08 11:59:52.0,168.83,16883,empty
C7,PPMA,HHE,2021-12-08 12:02:55.18,2021-12-08 12:08:10.0,314.81,31481,empty
C7,PPMA,HHE,2021-12-08 12:08:16.40,2021-12-08 12:19:14.0,657.95,65795,empty
C7,PPMA,HHE,2021-12-08 12:22:19.86,2021-12-08 12:27:22.10,302.14,30214,empty
C7,PPMA,HHE,2021-12-08 12:29:05.14,2021-12-08 12:32:49.0,223.85,22385,empty
C7,PPMA,HHE,2021-12-08 12:36:22.35,2021-12-08 12:38:59.0,156.64,15664,empty
C7,PPMA,HHE,2021-12-08 14:24:06.21,2021-12-08 14:28:10.0,243.78,24378,empty
C7,PPMA,HHE,2021-12-08 14:31:12.54,2021-12-08 14:36:15.0,302.45,30245,empty
C7,PPMA,HHE,2021-12-08 14:59:43.70,2021-12-09 09:56:16.0,68192.29,6819229,empty
C7,PPMA,HHE,2021-12-09 10:00:57.39,2021-12-09 10:02:34.0,96.6,9660,empty
C7,PPMA,HHE,2021-12-09 10:08:16.95,2021-12-09 10:12:03.0,226.04,22604,empty
C7,PPMA,HHE,2021-12-09 10:13:48.90,2021-12-09 10:16:48.73,179.82,17982,empty
C7,PPMA,HHE,2021-12-09 10:56:33.81,2021-12-09 10:57:50.0,76.18,7618,empty
C7,PPMA,HHE,2021-12-09 16:30:21.18,2021-12-09 16:36:56.0,394.81,39481,empty
C7,PPMA,HHE,2021-12-09 16:49:52.87,2021-12-09 16:56:24.0,391.12,39112,empty
C7,PPMA,HHE,2021-12-09 16:58:35.60,2021-12-10 10:04:55.92,61580.85,6158085,empty
C7,PPMA,HHE,2021-12-10 10:11:59.0,2021-12-10 10:13:04.0,64.99,6499,empty
C7,PPMA,HHE,2021-12-10 11:01:37.71,2021-12-10 11:02:44.0,66.28,6628,empty
C7,PPMA,HHE,2021-12-10 17:56:37.84,2021-12-11 10:17:52.0,58874.15,5887415,empty
C7,PPMA,HHE,2021-12-11 10:18:01.62,2021-12-11 10:18:08.0,6.37,637,empty
C7,PPMA,HHN,2021-09-06 11:53:10.42,2021-09-06 14:07:02.69,8032.26,803226,empty
C7,PPMA,HHN,2021-09-10 22:33:39.82,2021-09-11 23:37:36.72,90236.89,9023689,empty
C7,PPMA,HHN,2021-09-21 10:27:30.0,2021-09-21 10:27:31.39,-1.4,-140,overlap
C7,PPMA,HHN,2021-01-11 08:13:31.11,2021-01-11 08:13:34.0,2.88,288,empty
C7,PPMA,HHN,2021-01-12 21:09:00.84,2021-01-12 21:09:03.0,2.15,215,empty
C7,PPMA,HHN,2021-01-15 08:06:03.72,2021-01-15 08:06:04.0,0.27,27,empty
C7,PPMA,HHN,2021-01-17 08:06:55.76,2021-01-17 09:07:13.16,3617.39,361739,empty
C7,PPMA,HHN,2021-01-19 08:08:07.74,2021-01-19 08:08:09.0,1.25,125,empty
C7,PPMA,HHN,2021-01-21 08:14:08.39,2021-01-21 08:14:11.0,2.6,260,empty
C7,PPMA,HHN,2021-01-23 08:11:08.89,2021-01-23 08:11:11.0,2.1,210,empty
C7,PPMA,HHN,2021-01-25 08:06:17.12,2021-01-25 08:06:20.0,2.87,287,empty
C7,PPMA,HHN,2021-01-27 08:12:24.78,2021-01-27 08:12:27.0,2.21,221,empty
C7,PPMA,HHN,2021-01-29 08:08:29.11,2021-01-29 08:08:32.0,2.88,288,empty
C7,PPMA,HHN,2021-01-31 08:14:51.32,2021-01-31 08:14:53.0,1.67,167,empty
C7,PPMA,HHN,2021-02-02 08:10:53.15,2021-02-02 08:10:55.0,1.84,184,empty
C7,PPMA,HHN,2021-02-04 08:06:45.93,2021-02-04 08:06:47.0,1.06,106,empty
C7,PPMA,HHN,2021-02-06 08:05:19.84,2021-02-06 08:05:22.0,2.15,215,empty
C7,PPMA,HHN,2021-02-08 08:11:22.67,2021-02-08 08:11:26.0,3.32,332,empty
C7,PPMA,HHN,2021-02-10 08:07:28.77,2021-02-10 08:07:30.0,1.22,122,empty
C7,PPMA,HHN,2021-02-12 08:13:28.66,2021-02-12 08:13:31.0,2.33,233,empty
C7,PPMA,HHN,2021-02-14 08:05:43.70,2021-02-14 08:05:45.0,1.92,192,empty
C7,PPMA,HHN,2021-02-16 08:11:51.27,2021-02-16 08:11:54.0,2.72,272,empty
C7,PPMA,HHN,2021-02-18 08:07:52.18,2021-02-18 08:07:54.0,1.81,181,empty
C7,PPMA,HHN,2021-02-20 08:13:56.0,2021-02-20 08:13:56.19,-0.2,-20,overlap
C7,PPMA,HHN,2021-02-22 08:09:59.21,2021-02-22 08:10:01.0,1.78,178,empty
C7,PPMA,HHN,2021-02-24 08:06:03.45,2021-02-24 08:06:07.0,3.54,354,empty
C7,PPMA,HHN,2021-02-26 08:14:21.86,2021-02-26 08:14:25.0,3.13,313,empty
C7,PPMA,HHN,2021-02-28 08:09:09.0,2021-02-28 08:09:09.23,-0.24,-24,overlap
C7,PPMA,HHN,2021-03-02 08:05:14.26,2021-03-02 08:05:16.0,1.73,173,empty
C7,PPMA,HHN,2021-03-04 08:10:38.91,2021-03-04 08:10:40.0,1.08,108,empty
C7,PPMA,HHN,2021-03-06 08:06:44.81,2021-03-06 08:06:48.0,3.18,318,empty
C7,PPMA,HHN,2021-03-08 08:12:48.62,2021-03-08 08:12:49.0,0.37,37,empty
C7,PPMA,HHN,2021-03-10 08:08:53.90,2021-03-10 08:08:55.0,1.9,190,empty
C7,PPMA,HHN,2021-03-12 08:05:29.41,2021-03-12 08:05:31.0,1.58,158,empty
C7,PPMA,HHN,2021-03-14 08:09:03.93,2021-03-14 08:09:06.0,2.06,206,empty
C7,PPMA,HHN,2021-03-16 08:05:09.73,2021-03-16 08:05:11.0,1.26,126,empty
C7,PPMA,HHN,2021-03-18 08:11:14.65,2021-03-18 08:11:16.0,1.34,134,empty
C7,PPMA,HHN,2021-03-20 08:07:18.75,2021-03-20 08:07:21.0,2.24,224,empty
C7,PPMA,HHN,2021-03-22 08:13:43.52,2021-03-22 08:13:46.0,2.47,247,empty
C7,PPMA,HHN,2021-03-22 09:46:27.52,2021-03-22 09:47:31.0,63.47,6347,empty
C7,PPMA,HHN,2021-03-30 11:31:29.33,2021-03-30 19:40:03.90,29313.75,2931375,empty
C7,PPMA,HHN,2021-04-13 12:10:15.79,2021-04-13 12:11:57.0,101.2,10120,empty
C7,PPMA,HHN,2021-04-27 23:02:26.24,2021-04-27 23:02:34.49,8.24,824,empty
C7,PPMA,HHN,2021-05-27 13:28:39.85,2021-05-27 13:28:47.69,7.83,783,empty
C7,PPMA,HHN,2021-06-07 08:01:22.93,2021-06-07 14:04:54.60,21811.66,2181166,empty
C7,PPMA,HHN,2021-08-29 12:31:49.13,2021-08-29 12:40:32.50,523.36,52336,empty
C7,PPMA,HHN,2021-09-28 03:54:20.70,2021-11-07 12:18:38.56,3486257.85,348625785,empty
C7,PPMA,HHN,2021-11-13 11:45:25.87,2021-11-17 10:18:38.0,340392.12,34039212,empty
C7,PPMA,HHN,2021-11-17 16:32:28.20,2021-11-17 16:34:00.0,91.97,9197,empty
C7,PPMA,HHN,2021-11-17 17:56:27.95,2021-11-18 10:03:31.0,58023.04,5802304,empty
C7,PPMA,HHN,2021-11-18 13:27:57.25,2021-11-19 11:08:55.0,78057.74,7805774,empty
C7,PPMA,HHN,2021-11-19 11:49:00.83,2021-11-19 11:55:23.0,382.16,38216,empty
C7,PPMA,HHN,2021-11-19 11:55:26.84,2021-11-19 12:01:33.0,366.15,36615,empty
C7,PPMA,HHN,2021-11-19 12:47:03.13,2021-11-19 14:08:39.0,4895.86,489586,empty
C7,PPMA,HHN,2021-11-19 14:09:17.54,2021-11-19 14:30:11.0,1253.45,125345,empty
C7,PPMA,HHN,2021-11-19 14:31:24.82,2021-11-19 14:37:47.0,382.17,38217,empty
C7,PPMA,HHN,2021-11-19 14:39:26.0,2021-11-19 14:43:57.40,271.39,27139,empty
C7,PPMA,HHN,2021-11-20 04:13:37.73,2021-11-20 08:39:46.0,15968.26,1596826,empty
C7,PPMA,HHN,2021-11-22 08:37:56.49,2021-11-22 10:25:39.0,6462.5,646250,empty
C7,PPMA,HHN,2021-11-23 17:09:20.99,2021-11-24 08:45:08.0,56147.0,5614700,empty
C7,PPMA,HHN,2021-11-24 15:57:36.31,2021-11-24 16:12:16.0,879.68,87968,empty
C7,PPMA,HHN,2021-11-24 16:36:39.54,2021-11-24 16:48:21.0,701.45,70145,empty
C7,PPMA,HHN,2021-11-24 17:01:56.54,2021-11-24 17:11:58.0,601.45,60145,empty
C7,PPMA,HHN,2021-11-24 17:35:36.38,2021-11-25 12:12:16.0,66999.61,6699961,empty
C7,PPMA,HHN,2021-11-25 12:25:51.90,2021-11-25 12:29:01.0,189.9,18990,empty
C7,PPMA,HHN,2021-11-25 13:03:28.18,2021-11-25 14:07:30.0,3841.81,384181,empty
C7,PPMA,HHN,2021-11-25 14:16:56.95,2021-11-25 14:43:38.0,1601.04,160104,empty
C7,PPMA,HHN,2021-11-25 14:43:57.18,2021-11-25 15:42:08.0,3490.81,349081,empty
C7,PPMA,HHN,2021-11-25 15:57:55.29,2021-11-26 08:43:09.0,60313.7,6031370,empty
C7,PPMA,HHN,2021-11-26 08:51:52.23,2021-11-26 08:58:19.0,386.76,38676,empty
C7,PPMA,HHN,2021-11-26 09:40:12.52,2021-11-26 13:55:13.0,15300.47,1530047,empty
C7,PPMA,HHN,2021-11-26 14:02:33.50,2021-11-26 14:07:38.0,304.49,30449,empty
C7,PPMA,HHN,2021-11-26 16:42:58.99,2021-11-26 16:52:28.0,569.0,56900,empty
C7,PPMA,HHN,2021-11-26 16:53:45.17,2021-11-27 08:52:39.0,57533.82,5753382,empty
C7,PPMA,HHN,2021-11-27 08:53:41.96,2021-11-27 09:01:01.0,439.03,43903,empty
C7,PPMA,HHN,2021-11-27 09:02:48.87,2021-11-27 09:07:55.0,306.12,30612,empty
C7,PPMA,HHN,2021-11-27 09:08:10.68,2021-11-27 09:23:04.0,893.31,89331,empty
C7,PPMA,HHN,2021-11-27 09:23:30.20,2021-11-27 09:32:26.0,535.79,53579,empty
C7,PPMA,HHN,2021-11-27 09:32:37.31,2021-11-27 09:32:47.0,9.68,968,empty
C7,PPMA,HHN,2021-11-27 09:40:32.17,2021-11-27 09:49:34.0,541.82,54182,empty
C7,PPMA,HHN,2021-11-27 09:57:32.10,2021-11-27 09:59:48.0,135.98,13598,empty
C7,PPMA,HHN,2021-11-27 11:10:19.89,2021-11-27 11:11:22.0,62.1,6210,empty
C7,PPMA,HHN,2021-11-27 11:21:20.21,2021-11-27 11:23:04.0,103.78,10378,empty
C7,PPMA,HHN,2021-11-27 11:36:55.26,2021-11-27 11:38:17.0,81.73,8173,empty
C7,PPMA,HHN,2021-11-27 11:58:40.70,2021-11-27 12:11:55.0,794.92,79492,empty
C7,PPMA,HHN,2021-11-27 12:15:42.20,2021-11-27 12:19:47.0,244.97,24497,empty
C7,PPMA,HHN,2021-11-27 12:22:29.88,2021-12-06 12:49:46.0,779236.11,77923611,empty
C7,PPMA,HHN,2021-12-06 12:53:00.84,2021-12-06 12:58:04.73,303.88,30388,empty
C7,PPMA,HHN,2021-12-06 17:49:56.45,2021-12-07 09:35:37.0,56740.54,5674054,empty
C7,PPMA,HHN,2021-12-07 09:44:02.33,2021-12-07 09:57:17.0,794.66,79466,empty
C7,PPMA,HHN,2021-12-07 10:15:20.26,2021-12-07 10:27:19.0,718.73,71873,empty
C7,PPMA,HHN,2021-12-07 11:56:44.81,2021-12-07 12:13:26.0,1001.18,100118,empty
C7,PPMA,HHN,2021-12-07 17:53:24.99,2021-12-08 11:32:45.0,63560.0,6356000,empty
C7,PPMA,HHN,2021-12-08 11:57:02.99,2021-12-08 11:59:52.0,169.0,16900,empty
C7,PPMA,HHN,2021-12-08 12:02:55.35,2021-12-08 12:08:10.0,314.64,31464,empty
C7,PPMA,HHN,2021-12-08 12:08:15.85,2021-12-08 12:19:14.0,658.14,65814,empty
C7,PPMA,HHN,2021-12-08 12:22:19.94,2021-12-08 12:27:23.21,303.26,30326,empty
C7,PPMA,HHN,2021-12-08 12:29:05.50,2021-12-08 12:32:49.0,223.94,22394,empty
C7,PPMA,HHN,2021-12-08 12:36:22.42,2021-12-08 12:38:59.0,156.57,15657,empty
C7,PPMA,HHN,2021-12-08 14:24:06.72,2021-12-08 14:28:10.0,243.27,24327,empty
C7,PPMA,HHN,2021-12-08 14:31:11.45,2021-12-08 14:36:15.0,303.54,30354,empty
C7,PPMA,HHN,2021-12-08 14:59:43.63,2021-12-09 09:56:16.0,68192.36,6819236,empty
C7,PPMA,HHN,2021-12-09 10:00:57.25,2021-12-09 10:02:34.0,96.74,9674,empty
C7,PPMA,HHN,2021-12-09 10:08:15.95,2021-12-09 10:12:03.0,227.04,22704,empty
C7,PPMA,HHN,2021-12-09 10:13:48.70,2021-12-09 10:16:49.80,180.37,18037,empty
C7,PPMA,HHN,2021-12-09 10:56:34.80,2021-12-09 10:57:50.0,75.19,7519,empty
C7,PPMA,HHN,2021-12-09 16:30:21.30,2021-12-09 16:36:56.0,394.96,39496,empty
C7,PPMA,HHN,2021-12-09 16:49:53.86,2021-12-09 16:56:24.0,390.13,39013,empty
C7,PPMA,HHN,2021-12-09 16:58:35.97,2021-12-10 10:04:55.20,61579.22,6157922,empty
C7,PPMA,HHN,2021-12-10 10:11:59.29,2021-12-10 10:13:04.0,64.7,6470,empty
C7,PPMA,HHN,2021-12-10 11:01:38.0,2021-12-10 11:02:44.0,65.99,6599,empty
C7,PPMA,HHN,2021-12-10 17:56:36.49,2021-12-11 10:17:52.0,58875.5,5887550,empty
C7,PPMA,HHN,2021-12-11 10:18:02.30,2021-12-11 10:18:08.0,5.69,569,empty
C7,PPMA,HHZ,2021-09-06 11:53:10.40,2021-09-06 14:07:02.19,8032.14,803214,empty
C7,PPMA,HHZ,2021-09-10 22:33:40.52,2021-09-11 23:37:40.83,90240.3,9024030,empty
C7,PPMA,HHZ,2021-09-21 10:27:42.10,2021-09-21 10:27:43.42,-1.42,-142,overlap
C7,PPMA,HHZ,2021-01-11 08:13:32.25,2021-01-11 08:13:34.0,1.74,174,empty
C7,PPMA,HHZ,2021-01-12 21:09:00.30,2021-01-12 21:09:03.0,2.96,296,empty
C7,PPMA,HHZ,2021-01-15 08:06:04.0,2021-01-15 08:06:04.84,-0.85,-85,overlap
C7,PPMA,HHZ,2021-01-17 08:06:54.40,2021-01-17 09:07:15.85,3621.8,362180,empty
C7,PPMA,HHZ,2021-01-19 08:08:07.57,2021-01-19 08:08:09.0,1.42,142,empty
C7,PPMA,HHZ,2021-01-21 08:14:07.94,2021-01-21 08:14:11.0,3.05,305,empty
C7,PPMA,HHZ,2021-01-23 08:11:11.0,2021-01-23 08:11:11.40,-0.41,-41,overlap
C7,PPMA,HHZ,2021-01-25 08:06:17.42,2021-01-25 08:06:20.0,2.57,257,empty
C7,PPMA,HHZ,2021-01-27 08:12:24.99,2021-01-27 08:12:27.0,2.0,200,empty
C7,PPMA,HHZ,2021-01-29 08:08:30.53,2021-01-29 08:08:32.0,1.46,146,empty
C7,PPMA,HHZ,2021-01-31 08:14:50.83,2021-01-31 08:14:53.0,2.16,216,empty
C7,PPMA,HHZ,2021-02-02 08:10:53.89,2021-02-02 08:10:55.0,1.1,110,empty
C7,PPMA,HHZ,2021-02-04 08:06:44.17,2021-02-04 08:06:47.0,2.82,282,empty
C7,PPMA,HHZ,2021-02-06 08:05:21.76,2021-02-06 08:05:22.0,0.23,23,empty
C7,PPMA,HHZ,2021-02-08 08:11:23.49,2021-02-08 08:11:26.0,2.5,250,empty
C7,PPMA,HHZ,2021-02-10 08:07:28.11,2021-02-10 08:07:30.0,1.88,188,empty
C7,PPMA,HHZ,2021-02-12 08:13:28.73,2021-02-12 08:13:31.0,2.26,226,empty
C7,PPMA,HHZ,2021-02-14 08:05:41.99,2021-02-14 08:05:45.0,3.0,300,empty
C7,PPMA,HHZ,2021-02-16 08:11:51.87,2021-02-16 08:11:54.0,2.12,212,empty
C7,PPMA,HHZ,2021-02-18 08:07:52.84,2021-02-18 08:07:54.0,1.15,115,empty
C7,PPMA,HHZ,2021-02-20 08:13:53.72,2021-02-20 08:13:56.0,2.27,227,empty
C7,PPMA,HHZ,2021-02-22 08:09:58.84,2021-02-22 08:10:01.0,2.15,215,empty
C7,PPMA,HHZ,2021-02-24 08:06:05.30,2021-02-24 08:06:07.0,1.69,169,empty
C7,PPMA,HHZ,2021-02-26 08:14:23.78,2021-02-26 08:14:25.0,1.21,121,empty
C7,PPMA,HHZ,2021-02-28 08:09:09.0,2021-02-28 08:09:09.41,-0.42,-42,overlap
C7,PPMA,HHZ,2021-03-02 08:05:12.86,2021-03-02 08:05:16.0,3.13,313,empty
C7,PPMA,HHZ,2021-03-04 08:10:38.13,2021-03-04 08:10:40.0,1.86,186,empty
C7,PPMA,HHZ,2021-03-06 08:06:46.32,2021-03-06 08:06:48.0,1.67,167,empty
C7,PPMA,HHZ,2021-03-08 08:12:48.15,2021-03-08 08:12:49.0,0.84,84,empty
C7,PPMA,HHZ,2021-03-10 08:08:53.29,2021-03-10 08:08:55.0,1.7,170,empty
C7,PPMA,HHZ,2021-03-12 08:05:28.93,2021-03-12 08:05:31.0,2.06,206,empty
C7,PPMA,HHZ,2021-03-14 08:09:03.18,2021-03-14 08:09:06.0,2.81,281,empty
C7,PPMA,HHZ,2021-03-16 08:05:09.69,2021-03-16 08:05:11.0,1.3,130,empty
C7,PPMA,HHZ,2021-03-18 08:11:14.24,2021-03-18 08:11:16.0,1.75,175,empty
C7,PPMA,HHZ,2021-03-20 08:07:19.58,2021-03-20 08:07:21.0,1.41,141,empty
C7,PPMA,HHZ,2021-03-22 08:13:43.25,2021-03-22 08:13:46.0,2.74,274,empty
C7,PPMA,HHZ,2021-03-22 09:46:29.87,2021-03-22 09:47:31.0,61.12,6112,empty
C7,PPMA,HHZ,2021-03-30 11:31:26.95,2021-03-30 19:40:04.32,29317.36,2931736,empty
C7,PPMA,HHZ,2021-04-13 12:10:17.63,2021-04-13 12:11:57.0,99.36,9936,empty
C7,PPMA,HHZ,2021-04-27 23:02:29.66,2021-04-27 23:02:38.48,8.81,881,empty
C7,PPMA,HHZ,2021-05-27 13:28:40.56,2021-05-27 13:28:45.84,5.27,527,empty
C7,PPMA,HHZ,2021-06-07 08:01:21.17,2021-06-07 14:04:55.33,21814.15,2181415,empty
C7,PPMA,HHZ,2021-08-29 12:31:49.31,2021-08-29 12:40:33.16,523.84,52384,empty
C7,PPMA,HHZ,2021-09-28 03:54:21.20,2021-11-07 12:18:38.55,3486257.34,348625734,empty
C7,PPMA,HHZ,2021-11-13 11:45:25.57,2021-11-17 10:18:38.0,340392.42,34039242,empty
C7,PPMA,HHZ,2021-11-17 16:32:28.70,2021-11-17 16:34:00.0,91.92,9192,empty
C7,PPMA,HHZ,2021-11-17 17:56:27.28,2021-11-18 10:03:31.0,58023.71,5802371,empty
C7,PPMA,HHZ,2021-11-18 13:27:57.92,2021-11-19 11:08:55.0,78057.07,7805707,empty
C7,PPMA,HHZ,2021-11-19 11:49:01.0,2021-11-19 11:55:23.0,381.99,38199,empty
C7,PPMA,HHZ,2021-11-19 11:55:27.38,2021-11-19 12:01:33.0,365.61,36561,empty
C7,PPMA,HHZ,2021-11-19 12:47:02.64,2021-11-19 14:08:39.0,4896.35,489635,empty
C7,PPMA,HHZ,2021-11-19 14:09:17.43,2021-11-19 14:30:11.0,1253.56,125356,empty
C7,PPMA,HHZ,2021-11-19 14:31:24.73,2021-11-19 14:37:47.0,382.26,38226,empty
C7,PPMA,HHZ,2021-11-19 14:39:26.11,2021-11-19 14:43:57.10,270.89,27089,empty
C7,PPMA,HHZ,2021-11-20 04:13:37.60,2021-11-20 08:39:46.0,15968.93,1596893,empty
C7,PPMA,HHZ,2021-11-22 08:37:56.41,2021-11-22 10:25:39.0,6462.58,646258,empty
C7,PPMA,HHZ,2021-11-23 17:09:21.58,2021-11-24 08:45:08.0,56146.41,5614641,empty
C7,PPMA,HHZ,2021-11-24 15:57:35.89,2021-11-24 16:12:16.0,880.1,88010,empty
C7,PPMA,HHZ,2021-11-24 16:36:39.90,2021-11-24 16:48:21.0,701.9,70190,empty
C7,PPMA,HHZ,2021-11-24 17:01:56.20,2021-11-24 17:11:58.0,601.79,60179,empty
C7,PPMA,HHZ,2021-11-24 17:35:36.25,2021-11-25 12:12:16.0,66999.74,6699974,empty
C7,PPMA,HHZ,2021-11-25 12:25:51.24,2021-11-25 12:29:01.0,189.75,18975,empty
C7,PPMA,HHZ,2021-11-25 13:03:27.95,2021-11-25 14:07:30.0,3842.04,384204,empty
C7,PPMA,HHZ,2021-11-25 14:16:56.40,2021-11-25 14:43:38.0,1601.59,160159,empty
C7,PPMA,HHZ,2021-11-25 14:43:55.95,2021-11-25 15:42:08.0,3492.04,349204,empty
C7,PPMA,HHZ,2021-11-25 15:57:54.94,2021-11-26 08:43:09.0,60314.05,6031405,empty
C7,PPMA,HHZ,2021-11-26 08:51:51.43,2021-11-26 08:58:19.0,387.56,38756,empty
C7,PPMA,HHZ,2021-11-26 09:40:13.48,2021-11-26 13:55:13.0,15299.51,1529951,empty
C7,PPMA,HHZ,2021-11-26 14:02:33.85,2021-11-26 14:07:38.0,304.14,30414,empty
C7,PPMA,HHZ,2021-11-26 16:42:59.28,2021-11-26 16:52:28.0,568.71,56871,empty
C7,PPMA,HHZ,2021-11-26 16:53:46.18,2021-11-27 08:52:39.0,57532.81,5753281,empty
C7,PPMA,HHZ,2021-11-27 08:53:42.51,2021-11-27 09:01:01.0,438.48,43848,empty
C7,PPMA,HHZ,2021-11-27 09:02:48.66,2021-11-27 09:07:55.0,306.33,30633,empty
C7,PPMA,HHZ,2021-11-27 09:08:11.93,2021-11-27 09:23:04.0,892.06,89206,empty
C7,PPMA,HHZ,2021-11-27 09:23:30.50,2021-11-27 09:32:26.0,535.94,53594,empty
C7,PPMA,HHZ,2021-11-27 09:32:36.92,2021-11-27 09:32:47.0,10.07,1007,empty
C7,PPMA,HHZ,2021-11-27 09:40:33.90,2021-11-27 09:49:34.0,540.9,54090,empty
C7,PPMA,HHZ,2021-11-27 09:57:31.11,2021-11-27 09:59:48.0,136.88,13688,empty
C7,PPMA,HHZ,2021-11-27 11:10:19.81,2021-11-27 11:11:22.0,62.18,6218,empty
C7,PPMA,HHZ,2021-11-27 11:21:20.46,2021-11-27 11:23:04.0,103.53,10353,empty
C7,PPMA,HHZ,2021-11-27 11:36:54.43,2021-11-27 11:38:17.0,82.56,8256,empty
C7,PPMA,HHZ,2021-11-27 11:58:39.86,2021-11-27 12:11:55.0,795.13,79513,empty
C7,PPMA,HHZ,2021-11-27 12:15:42.33,2021-11-27 12:19:47.0,244.66,24466,empty
C7,PPMA,HHZ,2021-11-27 12:22:29.15,2021-12-06 12:49:46.0,779236.84,77923684,empty
C7,PPMA,HHZ,2021-12-06 12:53:01.83,2021-12-06 12:58:06.11,304.27,30427,empty
C7,PPMA,HHZ,2021-12-06 17:49:57.71,2021-12-07 09:35:37.0,56739.28,5673928,empty
C7,PPMA,HHZ,2021-12-07 09:44:01.95,2021-12-07 09:57:17.0,795.04,79504,empty
C7,PPMA,HHZ,2021-12-07 10:15:20.56,2021-12-07 10:27:19.0,718.43,71843,empty
C7,PPMA,HHZ,2021-12-07 11:56:43.50,2021-12-07 12:13:26.0,1002.49,100249,empty
C7,PPMA,HHZ,2021-12-07 17:53:25.19,2021-12-08 11:32:45.0,63559.8,6355980,empty
C7,PPMA,HHZ,2021-12-08 11:57:02.98,2021-12-08 11:59:52.0,169.01,16901,empty
C7,PPMA,HHZ,2021-12-08 12:02:55.49,2021-12-08 12:08:10.0,314.5,31450,empty
C7,PPMA,HHZ,2021-12-08 12:08:16.94,2021-12-08 12:19:14.0,657.05,65705,empty
C7,PPMA,HHZ,2021-12-08 12:22:20.30,2021-12-08 12:27:21.92,301.61,30161,empty
C7,PPMA,HHZ,2021-12-08 12:29:05.27,2021-12-08 12:32:49.0,223.72,22372,empty
C7,PPMA,HHZ,2021-12-08 12:36:22.46,2021-12-08 12:38:59.0,156.53,15653,empty
C7,PPMA,HHZ,2021-12-08 14:24:05.63,2021-12-08 14:28:10.0,244.36,24436,empty
C7,PPMA,HHZ,2021-12-08 14:31:11.41,2021-12-08 14:36:15.0,303.58,30358,empty
C7,PPMA,HHZ,2021-12-08 14:59:42.95,2021-12-09 09:56:16.0,68193.04,6819304,empty
C7,PPMA,HHZ,2021-12-09 10:00:57.43,2021-12-09 10:02:34.0,96.56,9656,empty
C7,PPMA,HHZ,2021-12-09 10:08:15.94,2021-12-09 10:12:03.0,227.05,22705,empty
C7,PPMA,HHZ,2021-12-09 10:13:49.79,2021-12-09 10:16:48.37,178.57,17857,empty
C7,PPMA,HHZ,2021-12-09 10:56:33.65,2021-12-09 10:57:50.0,76.34,7634,empty
C7,PPMA,HHZ,2021-12-09 16:30:20.40,2021-12-09 16:36:56.0,395.59,39559,empty
C7,PPMA,HHZ,2021-12-09 16:49:53.27,2021-12-09 16:56:24.0,390.72,39072,empty
C7,PPMA,HHZ,2021-12-09 16:58:36.54,2021-12-10 10:04:55.78,61579.23,6157923,empty
C7,PPMA,HHZ,2021-12-10 10:11:58.74,2021-12-10 10:13:04.0,65.25,6525,empty
C7,PPMA,HHZ,2021-12-10 11:01:37.22,2021-12-10 11:02:44.0,66.77,6677,empty
C7,PPMA,HHZ,2021-12-10 17:56:36.87,2021-12-11 10:17:52.0,58875.12,5887512,empty
C7,PPMA,HHZ,2021-12-11 10:18:02.61,2021-12-11 10:18:08.0,5.38,538,empty
