network,sensor,channel,latest_file,start_time,latest_pull_time
C7,PBB2,HHE,C7.PBB2..HHE.D.2025.167,2025-06-16T00:00:00Z,2025-06-16 09:50:39
C7,PBB2,HHN,C7.PBB2..HHN.D.2025.167,2025-06-16T00:00:00Z,2025-06-16 09:50:39
C7,PBB2,HHZ,C7.PBB2..HHZ.D.2025.167,2025-06-16T00:00:00Z,2025-06-16 09:50:40
C7,PCOR,HHE,C7.PCOR..HHE.D.2025.167,2025-06-16T00:00:00Z,2025-06-16 09:50:40
C7,PCOR,HHN,C7.PCOR..HHN.D.2025.167,2025-06-16T00:00:00Z,2025-06-16 09:50:41
C7,PCOR,HHZ,C7.PCOR..HHZ.D.2025.167,2025-06-16T00:00:00Z,2025-06-16 09:50:41
C7,PGAR,HHE,C7.PGAR..HHE.D.2025.167,2025-06-16T00:00:00Z,2025-06-16 09:50:42
C7,PGAR,HHN,C7.PGAR..HHN.D.2025.167,2025-06-16T00:00:00Z,2025-06-16 09:50:42
C7,PGAR,HHZ,C7.PGAR..HHZ.D.2025.167,2025-06-16T00:00:00Z,2025-06-16 09:50:43
C7,PML2,HHE,C7.PML2..HHE.D.2025.167,2025-06-16T00:00:00Z,2025-06-16 09:50:43
C7,PML2,HHN,C7.PML2..HHN.D.2025.167,2025-06-16T00:00:00Z,2025-06-16 09:50:44
C7,PML2,HHZ,C7.PML2..HHZ.D.2025.167,2025-06-16T00:00:00Z,2025-06-16 09:50:45
C7,PPAS,HHE,C7.PPAS..HHE.D.2025.167,2025-06-16T00:00:00Z,2025-06-16 09:50:45
C7,PPAS,HHN,C7.PPAS..HHN.D.2025.167,2025-06-16T00:00:00Z,2025-06-16 09:50:46
C7,PPAS,HHZ,C7.PPAS..HHZ.D.2025.167,2025-06-16T00:00:00Z,2025-06-16 09:50:47
C7,PPMA,HHE,C7.PPMA..HHE.D.2025.167,2025-06-16T00:00:00Z,2025-06-16 09:50:47
C7,PPMA,HHN,C7.PPMA..HHN.D.2025.167,2025-06-16T00:00:00Z,2025-06-16 09:50:47
C7,PPMA,HHZ,C7.PPMA..HHZ.D.2025.167,2025-06-16T00:00:00Z,2025-06-16 09:50:48
C7,PSAB,HHE,C7.PSAB..HHE.D.2025.167,2025-06-16T00:00:00Z,2025-06-16 09:50:49
C7,PSAB,HHN,C7.PSAB..HHN.D.2025.167,2025-06-16T00:00:00Z,2025-06-16 09:50:49
C7,PSAB,HHZ,C7.PSAB..HHZ.D.2025.167,2025-06-16T00:00:00Z,2025-06-16 09:50:50
C7,PTAB,HHE,C7.PTAB..HHE.D.2025.167,2025-06-16T00:00:00Z,2025-06-16 09:50:50
C7,PTAB,HHN,C7.PTAB..HHN.D.2025.167,2025-06-16T00:00:00Z,2025-06-16 09:50:51
C7,PTAB,HHZ,C7.PTAB..HHZ.D.2025.167,2025-06-16T00:00:00Z,2025-06-16 09:50:51
C7,TC13,HHE,C7.TC13..HHE.D.2025.167,2025-06-16T00:00:00Z,2025-06-16 09:50:52
C7,TC13,HHN,C7.TC13..HHN.D.2025.167,2025-06-16T00:00:00Z,2025-06-16 09:50:53
C7,TC13,HHZ,C7.TC13..HHZ.D.2025.167,2025-06-16T00:00:00Z,2025-06-16 09:50:53
