file_id,sensor,channel,type,starttime,endtime,window,overlap,windowing,n_windows,n_variables,low_filter,high_filter,nsamples,srate,trend_removed,coherent_noise_removed,save_time
1,PLPI,HHN,FFT,2021-09-12,2021-09-26,3600.0,0.0,False,336,5400,0,50.0,120960001,100.0,False,False,2024-11-11 15:55:07.830741
2,PLPI,HHE,FFT,2021-09-12,2021-09-26,3600.0,0.0,False,336,5400,0,50.0,120960001,100.0,False,False,2024-11-11 15:56:47.227872
3,PLPI,HHZ,FFT,2021-09-12,2021-09-26,3600.0,0.0,False,336,5400,0,50.0,120960001,100.0,False,False,2024-11-11 15:58:24.585006
4,PPMA,HHN,FFT,2021-09-12,2021-09-26,3600.0,0.0,False,336,5400,0,50.0,120960001,100.0,False,False,2024-11-11 16:00:02.276611
5,PPMA,HHE,FFT,2021-09-12,2021-09-26,3600.0,0.0,False,336,5400,0,50.0,120960001,100.0,False,False,2024-11-11 16:01:42.020338
6,PPMA,HHZ,FFT,2021-09-12,2021-09-26,3600.0,0.0,False,336,5400,0,50.0,120960001,100.0,False,False,2024-11-11 16:03:23.391328
7,PLPI,HHN,FFT,2021-09-12,2021-09-13,3600.0,0.0,False,24,5400,0,50.0,8640001,100.0,False,False,2024-11-11 16:13:25.202368
8,PLPI,HHE,FFT,2021-09-12,2021-09-13,3600.0,0.0,False,24,5400,0,50.0,8640001,100.0,False,False,2024-11-11 16:13:33.014131
9,PLPI,HHZ,FFT,2021-09-12,2021-09-13,3600.0,0.0,False,24,5400,0,50.0,8640001,100.0,False,False,2024-11-11 16:13:40.825627
10,PPMA,HHN,FFT,2021-09-12,2021-09-13,3600.0,0.0,False,24,5400,0,50.0,8640001,100.0,False,False,2024-11-11 16:13:48.357565
11,PPMA,HHE,FFT,2021-09-12,2021-09-13,3600.0,0.0,False,24,5400,0,50.0,8640001,100.0,False,False,2024-11-11 16:13:55.837837
12,PPMA,HHZ,FFT,2021-09-12,2021-09-13,3600.0,0.0,False,24,5400,0,50.0,8640001,100.0,False,False,2024-11-11 16:14:03.362363
13,PLPI,HHN,FFT,2021-09-13,2021-09-14,3600.0,0.0,False,24,5400,0,50.0,8640001,100.0,False,False,2024-11-11 16:14:11.138131
14,PLPI,HHE,FFT,2021-09-13,2021-09-14,3600.0,0.0,False,24,5400,0,50.0,8640001,100.0,False,False,2024-11-11 16:14:18.968680
15,PLPI,HHZ,FFT,2021-09-13,2021-09-14,3600.0,0.0,False,24,5400,0,50.0,8640001,100.0,False,False,2024-11-11 16:14:26.788396
16,PPMA,HHN,FFT,2021-09-13,2021-09-14,3600.0,0.0,False,24,5400,0,50.0,8640001,100.0,False,False,2024-11-11 16:14:34.524197
17,PPMA,HHE,FFT,2021-09-13,2021-09-14,3600.0,0.0,False,24,5400,0,50.0,8640001,100.0,False,False,2024-11-11 16:14:42.309763
18,PPMA,HHZ,FFT,2021-09-13,2021-09-14,3600.0,0.0,False,24,5400,0,50.0,8640001,100.0,False,False,2024-11-11 16:14:50.069697
19,PLPI,HHN,FFT,2021-09-14,2021-09-15,3600.0,0.0,False,24,5400,0,50.0,8640001,100.0,False,False,2024-11-11 16:14:57.973266
20,PLPI,HHE,FFT,2021-09-14,2021-09-15,3600.0,0.0,False,24,5400,0,50.0,8640001,100.0,False,False,2024-11-11 16:15:05.806952
21,PLPI,HHZ,FFT,2021-09-14,2021-09-15,3600.0,0.0,False,24,5400,0,50.0,8640001,100.0,False,False,2024-11-11 16:15:13.583430
22,PPMA,HHN,FFT,2021-09-14,2021-09-15,3600.0,0.0,False,24,5400,0,50.0,8640001,100.0,False,False,2024-11-11 16:15:21.317971
23,PPMA,HHE,FFT,2021-09-14,2021-09-15,3600.0,0.0,False,24,5400,0,50.0,8640001,100.0,False,False,2024-11-11 16:15:29.144245
24,PPMA,HHZ,FFT,2021-09-14,2021-09-15,3600.0,0.0,False,24,5400,0,50.0,8640001,100.0,False,False,2024-11-11 16:15:36.999510
25,PLPI,HHN,FFT,2021-09-15,2021-09-16,3600.0,0.0,False,24,5400,0,50.0,8640001,100.0,False,False,2024-11-11 16:15:45.161948
26,PLPI,HHE,FFT,2021-09-15,2021-09-16,3600.0,0.0,False,24,5400,0,50.0,8640001,100.0,False,False,2024-11-11 16:15:53.221443
27,PLPI,HHZ,FFT,2021-09-15,2021-09-16,3600.0,0.0,False,24,5400,0,50.0,8640001,100.0,False,False,2024-11-11 16:16:01.300874
28,PPMA,HHN,FFT,2021-09-15,2021-09-16,3600.0,0.0,False,24,5400,0,50.0,8640001,100.0,False,False,2024-11-11 16:16:09.070513
29,PPMA,HHE,FFT,2021-09-15,2021-09-16,3600.0,0.0,False,24,5400,0,50.0,8640001,100.0,False,False,2024-11-11 16:16:16.810138
30,PPMA,HHZ,FFT,2021-09-15,2021-09-16,3600.0,0.0,False,24,5400,0,50.0,8640001,100.0,False,False,2024-11-11 16:16:24.504256
31,PLPI,HHN,FFT,2021-09-16,2021-09-17,3600.0,0.0,False,24,5400,0,50.0,8640001,100.0,False,False,2024-11-11 16:16:32.257105
32,PLPI,HHE,FFT,2021-09-16,2021-09-17,3600.0,0.0,False,24,5400,0,50.0,8640001,100.0,False,False,2024-11-11 16:16:40.012596
33,PLPI,HHZ,FFT,2021-09-16,2021-09-17,3600.0,0.0,False,24,5400,0,50.0,8640001,100.0,False,False,2024-11-11 16:16:47.788279
34,PPMA,HHN,FFT,2021-09-16,2021-09-17,3600.0,0.0,False,24,5400,0,50.0,8640001,100.0,False,False,2024-11-11 16:16:55.527828
35,PPMA,HHE,FFT,2021-09-16,2021-09-17,3600.0,0.0,False,24,5400,0,50.0,8640001,100.0,False,False,2024-11-11 16:17:03.274477
36,PPMA,HHZ,FFT,2021-09-16,2021-09-17,3600.0,0.0,False,24,5400,0,50.0,8640001,100.0,False,False,2024-11-11 16:17:11.397949
37,PLPI,HHN,FFT,2021-09-17,2021-09-18,3600.0,0.0,False,24,5400,0,50.0,8640001,100.0,False,False,2024-11-11 16:17:19.510966
38,PLPI,HHE,FFT,2021-09-17,2021-09-18,3600.0,0.0,False,24,5400,0,50.0,8640001,100.0,False,False,2024-11-11 16:17:27.491998
39,PLPI,HHZ,FFT,2021-09-17,2021-09-18,3600.0,0.0,False,24,5400,0,50.0,8640001,100.0,False,False,2024-11-11 16:17:35.210122
40,PPMA,HHN,FFT,2021-09-17,2021-09-18,3600.0,0.0,False,24,5400,0,50.0,8640001,100.0,False,False,2024-11-11 16:17:42.917069
41,PPMA,HHE,FFT,2021-09-17,2021-09-18,3600.0,0.0,False,24,5400,0,50.0,8640001,100.0,False,False,2024-11-11 16:17:50.649890
42,PPMA,HHZ,FFT,2021-09-17,2021-09-18,3600.0,0.0,False,24,5400,0,50.0,8640001,100.0,False,False,2024-11-11 16:17:58.422310
43,PLPI,HHN,FFT,2021-09-18,2021-09-19,3600.0,0.0,False,24,5400,0,50.0,8640001,100.0,False,False,2024-11-11 16:18:06.459600
44,PLPI,HHE,FFT,2021-09-18,2021-09-19,3600.0,0.0,False,24,5400,0,50.0,8640001,100.0,False,False,2024-11-11 16:18:14.474171
45,PLPI,HHZ,FFT,2021-09-18,2021-09-19,3600.0,0.0,False,24,5400,0,50.0,8640001,100.0,False,False,2024-11-11 16:18:22.537097
46,PPMA,HHN,FFT,2021-09-18,2021-09-19,3600.0,0.0,False,24,5400,0,50.0,8640001,100.0,False,False,2024-11-11 16:18:30.352786
47,PPMA,HHE,FFT,2021-09-18,2021-09-19,3600.0,0.0,False,24,5400,0,50.0,8640001,100.0,False,False,2024-11-11 16:18:38.054244
48,PPMA,HHZ,FFT,2021-09-18,2021-09-19,3600.0,0.0,False,24,5400,0,50.0,8640001,100.0,False,False,2024-11-11 16:18:45.995475
49,PLPI,HHN,FFT,2021-09-19,2021-09-20,3600.0,0.0,False,24,5400,0,50.0,8640001,100.0,False,False,2024-11-11 16:18:53.770712
50,PLPI,HHE,FFT,2021-09-19,2021-09-20,3600.0,0.0,False,24,5400,0,50.0,8640001,100.0,False,False,2024-11-11 16:19:01.532520
51,PLPI,HHZ,FFT,2021-09-19,2021-09-20,3600.0,0.0,False,24,5400,0,50.0,8640001,100.0,False,False,2024-11-11 16:19:09.332759
52,PPMA,HHN,FFT,2021-09-19,2021-09-20,3600.0,0.0,False,24,5400,0,50.0,8640001,100.0,False,False,2024-11-11 16:19:17.232936
53,PPMA,HHE,FFT,2021-09-19,2021-09-20,3600.0,0.0,False,24,5400,0,50.0,8640001,100.0,False,False,2024-11-11 16:19:25.070583
54,PPMA,HHZ,FFT,2021-09-19,2021-09-20,3600.0,0.0,False,24,5400,0,50.0,8640001,100.0,False,False,2024-11-11 16:19:33.094393
55,PLPI,HHN,FFT,2021-09-20,2021-09-21,3600.0,0.0,False,24,5400,0,50.0,8640001,100.0,False,False,2024-11-11 16:19:40.876663
56,PLPI,HHE,FFT,2021-09-20,2021-09-21,3600.0,0.0,False,24,5400,0,50.0,8640001,100.0,False,False,2024-11-11 16:19:48.713359
57,PLPI,HHZ,FFT,2021-09-20,2021-09-21,3600.0,0.0,False,24,5400,0,50.0,8640001,100.0,False,False,2024-11-11 16:19:56.531756
58,PPMA,HHN,FFT,2021-09-20,2021-09-21,3600.0,0.0,False,24,5400,0,50.0,8640001,100.0,False,False,2024-11-11 16:20:04.356850
59,PPMA,HHE,FFT,2021-09-20,2021-09-21,3600.0,0.0,False,24,5400,0,50.0,8640001,100.0,False,False,2024-11-11 16:20:12.140155
60,PPMA,HHZ,FFT,2021-09-20,2021-09-21,3600.0,0.0,False,24,5400,0,50.0,8640001,100.0,False,False,2024-11-11 16:20:19.985660
61,PLPI,HHN,FFT,2021-09-21,2021-09-22,3600.0,0.0,False,24,5400,0,50.0,8640001,100.0,False,False,2024-11-11 16:20:27.701872
62,PLPI,HHE,FFT,2021-09-21,2021-09-22,3600.0,0.0,False,24,5400,0,50.0,8640001,100.0,False,False,2024-11-11 16:20:35.394994
63,PLPI,HHZ,FFT,2021-09-21,2021-09-22,3600.0,0.0,False,24,5400,0,50.0,8640001,100.0,False,False,2024-11-11 16:20:43.115798
64,PPMA,HHN,FFT,2021-09-21,2021-09-22,3600.0,0.0,False,24,5400,0,50.0,8640001,100.0,False,False,2024-11-11 16:20:51.049124
65,PPMA,HHE,FFT,2021-09-21,2021-09-22,3600.0,0.0,False,24,5400,0,50.0,8640001,100.0,False,False,2024-11-11 16:20:58.867427
66,PPMA,HHZ,FFT,2021-09-21,2021-09-22,3600.0,0.0,False,24,5400,0,50.0,8640001,100.0,False,False,2024-11-11 16:21:06.981183
67,PLPI,HHN,FFT,2021-09-22,2021-09-23,3600.0,0.0,False,24,5400,0,50.0,8640001,100.0,False,False,2024-11-11 16:21:14.953774
68,PLPI,HHE,FFT,2021-09-22,2021-09-23,3600.0,0.0,False,24,5400,0,50.0,8640001,100.0,False,False,2024-11-11 16:21:22.757480
69,PLPI,HHZ,FFT,2021-09-22,2021-09-23,3600.0,0.0,False,24,5400,0,50.0,8640001,100.0,False,False,2024-11-11 16:21:30.521123
70,PPMA,HHN,FFT,2021-09-22,2021-09-23,3600.0,0.0,False,24,5400,0,50.0,8640001,100.0,False,False,2024-11-11 16:21:38.418436
71,PPMA,HHE,FFT,2021-09-22,2021-09-23,3600.0,0.0,False,24,5400,0,50.0,8640001,100.0,False,False,2024-11-11 16:21:46.170052
72,PPMA,HHZ,FFT,2021-09-22,2021-09-23,3600.0,0.0,False,24,5400,0,50.0,8640001,100.0,False,False,2024-11-11 16:21:54.053056
73,PLPI,HHN,FFT,2021-09-23,2021-09-24,3600.0,0.0,False,24,5400,0,50.0,8640001,100.0,False,False,2024-11-11 16:22:01.767101
74,PLPI,HHE,FFT,2021-09-23,2021-09-24,3600.0,0.0,False,24,5400,0,50.0,8640001,100.0,False,False,2024-11-11 16:22:09.498859
75,PLPI,HHZ,FFT,2021-09-23,2021-09-24,3600.0,0.0,False,24,5400,0,50.0,8640001,100.0,False,False,2024-11-11 16:22:17.264898
76,PPMA,HHN,FFT,2021-09-23,2021-09-24,3600.0,0.0,False,24,5400,0,50.0,8640001,100.0,False,False,2024-11-11 16:22:25.345630
77,PPMA,HHE,FFT,2021-09-23,2021-09-24,3600.0,0.0,False,24,5400,0,50.0,8640001,100.0,False,False,2024-11-11 16:22:33.361194
78,PPMA,HHZ,FFT,2021-09-23,2021-09-24,3600.0,0.0,False,24,5400,0,50.0,8640001,100.0,False,False,2024-11-11 16:22:41.432674
79,PLPI,HHN,FFT,2021-09-24,2021-09-25,3600.0,0.0,False,24,5400,0,50.0,8640001,100.0,False,False,2024-11-11 16:22:49.266665
80,PLPI,HHE,FFT,2021-09-24,2021-09-25,3600.0,0.0,False,24,5400,0,50.0,8640001,100.0,False,False,2024-11-11 16:22:56.836509
81,PLPI,HHZ,FFT,2021-09-24,2021-09-25,3600.0,0.0,False,24,5400,0,50.0,8640001,100.0,False,False,2024-11-11 16:23:04.365084
82,PPMA,HHN,FFT,2021-09-24,2021-09-25,3600.0,0.0,False,24,5400,0,50.0,8640001,100.0,False,False,2024-11-11 16:23:12.151420
83,PPMA,HHE,FFT,2021-09-24,2021-09-25,3600.0,0.0,False,24,5400,0,50.0,8640001,100.0,False,False,2024-11-11 16:23:19.868590
84,PPMA,HHZ,FFT,2021-09-24,2021-09-25,3600.0,0.0,False,24,5400,0,50.0,8640001,100.0,False,False,2024-11-11 16:23:27.612578
85,PLPI,HHN,FFT,2021-09-25,2021-09-26,3600.0,0.0,False,24,5400,0,50.0,8640001,100.0,False,False,2024-11-11 16:23:35.255572
86,PLPI,HHE,FFT,2021-09-25,2021-09-26,3600.0,0.0,False,24,5400,0,50.0,8640001,100.0,False,False,2024-11-11 16:23:42.998590
87,PLPI,HHZ,FFT,2021-09-25,2021-09-26,3600.0,0.0,False,24,5400,0,50.0,8640001,100.0,False,False,2024-11-11 16:23:50.610357
88,PPMA,HHN,FFT,2021-09-25,2021-09-26,3600.0,0.0,False,24,5400,0,50.0,8640001,100.0,False,False,2024-11-11 16:23:58.434662
89,PPMA,HHE,FFT,2021-09-25,2021-09-26,3600.0,0.0,False,24,5400,0,50.0,8640001,100.0,False,False,2024-11-11 16:24:06.071493
90,PPMA,HHZ,FFT,2021-09-25,2021-09-26,3600.0,0.0,False,24,5400,0,50.0,8640001,100.0,False,False,2024-11-11 16:24:13.717973
91,PLPI,HHN,FFT,2021-09-26,2021-09-27,3600.0,0.0,False,24,5400,0,50.0,8640001,100.0,False,False,2024-11-11 16:24:21.511180
92,PLPI,HHE,FFT,2021-09-26,2021-09-27,3600.0,0.0,False,24,5400,0,50.0,8640001,100.0,False,False,2024-11-11 16:24:29.234422
93,PLPI,HHZ,FFT,2021-09-26,2021-09-27,3600.0,0.0,False,24,5400,0,50.0,8640001,100.0,False,False,2024-11-11 16:24:36.777422
94,PPMA,HHN,FFT,2021-09-26,2021-09-27,3600.0,0.0,False,24,5400,0,50.0,8640001,100.0,False,False,2024-11-11 16:24:44.507229
95,PPMA,HHE,FFT,2021-09-26,2021-09-27,3600.0,0.0,False,24,5400,0,50.0,8640001,100.0,False,False,2024-11-11 16:24:52.195500
96,PPMA,HHZ,FFT,2021-09-26,2021-09-27,3600.0,0.0,False,24,5400,0,50.0,8640001,100.0,False,False,2024-11-11 16:24:59.982460
97,PLPI,HHN,FFT,2021-09-12,2021-09-13,10,0.0,False,8640,1500,0,50.0,8640001,100.0,False,False,2024-11-11 16:46:25.502869
98,PLPI,HHE,FFT,2021-09-12,2021-09-13,10,0.0,False,8640,1500,0,50.0,8640001,100.0,False,False,2024-11-11 16:46:33.640335
99,PLPI,HHZ,FFT,2021-09-12,2021-09-13,10,0.0,False,8640,1500,0,50.0,8640001,100.0,False,False,2024-11-11 16:46:41.763936
100,PPMA,HHN,FFT,2021-09-12,2021-09-13,10,0.0,False,8640,1500,0,50.0,8640001,100.0,False,False,2024-11-11 16:46:49.562515
101,PPMA,HHE,FFT,2021-09-12,2021-09-13,10,0.0,False,8640,1500,0,50.0,8640001,100.0,False,False,2024-11-11 16:46:57.400958
102,PPMA,HHZ,FFT,2021-09-12,2021-09-13,10,0.0,False,8640,1500,0,50.0,8640001,100.0,False,False,2024-11-11 16:47:05.284841
103,PLPI,HHN,FFT,2021-09-13,2021-09-14,10,0.0,False,8640,1500,0,50.0,8640001,100.0,False,False,2024-11-11 16:47:13.547315
104,PLPI,HHE,FFT,2021-09-13,2021-09-14,10,0.0,False,8640,1500,0,50.0,8640001,100.0,False,False,2024-11-11 16:47:22.010037
105,PLPI,HHZ,FFT,2021-09-13,2021-09-14,10,0.0,False,8640,1500,0,50.0,8640001,100.0,False,False,2024-11-11 16:47:30.512321
106,PPMA,HHN,FFT,2021-09-13,2021-09-14,10,0.0,False,8640,1500,0,50.0,8640001,100.0,False,False,2024-11-11 16:47:39.048297
107,PPMA,HHE,FFT,2021-09-13,2021-09-14,10,0.0,False,8640,1500,0,50.0,8640001,100.0,False,False,2024-11-11 16:47:47.519043
108,PPMA,HHZ,FFT,2021-09-13,2021-09-14,10,0.0,False,8640,1500,0,50.0,8640001,100.0,False,False,2024-11-11 16:47:55.948876
109,PLPI,HHN,FFT,2021-09-14,2021-09-15,10,0.0,False,8640,1500,0,50.0,8640001,100.0,False,False,2024-11-11 16:48:04.144047
110,PLPI,HHE,FFT,2021-09-14,2021-09-15,10,0.0,False,8640,1500,0,50.0,8640001,100.0,False,False,2024-11-11 16:48:12.253268
111,PLPI,HHZ,FFT,2021-09-14,2021-09-15,10,0.0,False,8640,1500,0,50.0,8640001,100.0,False,False,2024-11-11 16:48:20.442056
112,PPMA,HHN,FFT,2021-09-14,2021-09-15,10,0.0,False,8640,1500,0,50.0,8640001,100.0,False,False,2024-11-11 16:48:28.567659
113,PPMA,HHE,FFT,2021-09-14,2021-09-15,10,0.0,False,8640,1500,0,50.0,8640001,100.0,False,False,2024-11-11 16:48:36.746115
114,PPMA,HHZ,FFT,2021-09-14,2021-09-15,10,0.0,False,8640,1500,0,50.0,8640001,100.0,False,False,2024-11-11 16:48:44.931876
115,PLPI,HHN,FFT,2021-09-15,2021-09-16,10,0.0,False,8640,1500,0,50.0,8640001,100.0,False,False,2024-11-11 16:48:53.122225
116,PLPI,HHE,FFT,2021-09-15,2021-09-16,10,0.0,False,8640,1500,0,50.0,8640001,100.0,False,False,2024-11-11 16:49:01.366069
117,PLPI,HHZ,FFT,2021-09-15,2021-09-16,10,0.0,False,8640,1500,0,50.0,8640001,100.0,False,False,2024-11-11 16:49:09.571280
118,PPMA,HHN,FFT,2021-09-15,2021-09-16,10,0.0,False,8640,1500,0,50.0,8640001,100.0,False,False,2024-11-11 16:49:17.762140
119,PPMA,HHE,FFT,2021-09-15,2021-09-16,10,0.0,False,8640,1500,0,50.0,8640001,100.0,False,False,2024-11-11 16:49:26.004108
120,PPMA,HHZ,FFT,2021-09-15,2021-09-16,10,0.0,False,8640,1500,0,50.0,8640001,100.0,False,False,2024-11-11 16:49:34.175125
121,PLPI,HHN,FFT,2021-09-16,2021-09-17,10,0.0,False,8640,1500,0,50.0,8640001,100.0,False,False,2024-11-11 16:49:42.355974
122,PLPI,HHE,FFT,2021-09-16,2021-09-17,10,0.0,False,8640,1500,0,50.0,8640001,100.0,False,False,2024-11-11 16:49:50.578118
123,PLPI,HHZ,FFT,2021-09-16,2021-09-17,10,0.0,False,8640,1500,0,50.0,8640001,100.0,False,False,2024-11-11 16:49:58.750916
124,PPMA,HHN,FFT,2021-09-16,2021-09-17,10,0.0,False,8640,1500,0,50.0,8640001,100.0,False,False,2024-11-11 16:50:06.984771
125,PPMA,HHE,FFT,2021-09-16,2021-09-17,10,0.0,False,8640,1500,0,50.0,8640001,100.0,False,False,2024-11-11 16:50:15.059492
126,PPMA,HHZ,FFT,2021-09-16,2021-09-17,10,0.0,False,8640,1500,0,50.0,8640001,100.0,False,False,2024-11-11 16:50:23.343147
127,PLPI,HHN,FFT,2021-09-17,2021-09-18,10,0.0,False,8640,1500,0,50.0,8640001,100.0,False,False,2024-11-11 16:50:31.648299
128,PLPI,HHE,FFT,2021-09-17,2021-09-18,10,0.0,False,8640,1500,0,50.0,8640001,100.0,False,False,2024-11-11 16:50:39.848517
129,PLPI,HHZ,FFT,2021-09-17,2021-09-18,10,0.0,False,8640,1500,0,50.0,8640001,100.0,False,False,2024-11-11 16:50:47.986242
130,PPMA,HHN,FFT,2021-09-17,2021-09-18,10,0.0,False,8640,1500,0,50.0,8640001,100.0,False,False,2024-11-11 16:50:56.262727
131,PPMA,HHE,FFT,2021-09-17,2021-09-18,10,0.0,False,8640,1500,0,50.0,8640001,100.0,False,False,2024-11-11 16:51:04.421218
132,PPMA,HHZ,FFT,2021-09-17,2021-09-18,10,0.0,False,8640,1500,0,50.0,8640001,100.0,False,False,2024-11-11 16:51:12.749580
133,PLPI,HHN,FFT,2021-09-18,2021-09-19,10,0.0,False,8640,1500,0,50.0,8640001,100.0,False,False,2024-11-11 16:51:20.969647
134,PLPI,HHE,FFT,2021-09-18,2021-09-19,10,0.0,False,8640,1500,0,50.0,8640001,100.0,False,False,2024-11-11 16:51:29.193126
135,PLPI,HHZ,FFT,2021-09-18,2021-09-19,10,0.0,False,8640,1500,0,50.0,8640001,100.0,False,False,2024-11-11 16:51:37.385588
136,PPMA,HHN,FFT,2021-09-18,2021-09-19,10,0.0,False,8640,1500,0,50.0,8640001,100.0,False,False,2024-11-11 16:51:45.574055
137,PPMA,HHE,FFT,2021-09-18,2021-09-19,10,0.0,False,8640,1500,0,50.0,8640001,100.0,False,False,2024-11-11 16:51:53.843232
138,PPMA,HHZ,FFT,2021-09-18,2021-09-19,10,0.0,False,8640,1500,0,50.0,8640001,100.0,False,False,2024-11-11 16:52:02.110849
139,PLPI,HHN,FFT,2021-09-19,2021-09-20,10,0.0,False,8640,1500,0,50.0,8640001,100.0,False,False,2024-11-11 16:52:10.424779
140,PLPI,HHE,FFT,2021-09-19,2021-09-20,10,0.0,False,8640,1500,0,50.0,8640001,100.0,False,False,2024-11-11 16:52:18.667884
141,PLPI,HHZ,FFT,2021-09-19,2021-09-20,10,0.0,False,8640,1500,0,50.0,8640001,100.0,False,False,2024-11-11 16:52:27.060448
142,PPMA,HHN,FFT,2021-09-19,2021-09-20,10,0.0,False,8640,1500,0,50.0,8640001,100.0,False,False,2024-11-11 16:52:35.494031
143,PPMA,HHE,FFT,2021-09-19,2021-09-20,10,0.0,False,8640,1500,0,50.0,8640001,100.0,False,False,2024-11-11 16:52:43.918084
144,PPMA,HHZ,FFT,2021-09-19,2021-09-20,10,0.0,False,8640,1500,0,50.0,8640001,100.0,False,False,2024-11-11 16:52:52.255442
145,PLPI,HHN,FFT,2021-09-20,2021-09-21,10,0.0,False,8640,1500,0,50.0,8640001,100.0,False,False,2024-11-11 16:53:00.406008
146,PLPI,HHE,FFT,2021-09-20,2021-09-21,10,0.0,False,8640,1500,0,50.0,8640001,100.0,False,False,2024-11-11 16:53:08.609588
147,PLPI,HHZ,FFT,2021-09-20,2021-09-21,10,0.0,False,8640,1500,0,50.0,8640001,100.0,False,False,2024-11-11 16:53:16.723402
148,PPMA,HHN,FFT,2021-09-20,2021-09-21,10,0.0,False,8640,1500,0,50.0,8640001,100.0,False,False,2024-11-11 16:53:25.090803
149,PPMA,HHE,FFT,2021-09-20,2021-09-21,10,0.0,False,8640,1500,0,50.0,8640001,100.0,False,False,2024-11-11 16:53:33.359010
150,PPMA,HHZ,FFT,2021-09-20,2021-09-21,10,0.0,False,8640,1500,0,50.0,8640001,100.0,False,False,2024-11-11 16:53:41.792726
151,PLPI,HHN,FFT,2021-09-21,2021-09-22,10,0.0,False,8640,1500,0,50.0,8640001,100.0,False,False,2024-11-11 16:53:50.093813
152,PLPI,HHE,FFT,2021-09-21,2021-09-22,10,0.0,False,8640,1500,0,50.0,8640001,100.0,False,False,2024-11-11 16:53:58.180465
153,PLPI,HHZ,FFT,2021-09-21,2021-09-22,10,0.0,False,8640,1500,0,50.0,8640001,100.0,False,False,2024-11-11 16:54:06.352585
154,PPMA,HHN,FFT,2021-09-21,2021-09-22,10,0.0,False,8640,1500,0,50.0,8640001,100.0,False,False,2024-11-11 16:54:14.680410
155,PPMA,HHE,FFT,2021-09-21,2021-09-22,10,0.0,False,8640,1500,0,50.0,8640001,100.0,False,False,2024-11-11 16:54:22.761330
156,PPMA,HHZ,FFT,2021-09-21,2021-09-22,10,0.0,False,8640,1500,0,50.0,8640001,100.0,False,False,2024-11-11 16:54:30.975171
157,PLPI,HHN,FFT,2021-09-22,2021-09-23,10,0.0,False,8640,1500,0,50.0,8640001,100.0,False,False,2024-11-11 16:54:39.184348
158,PLPI,HHE,FFT,2021-09-22,2021-09-23,10,0.0,False,8640,1500,0,50.0,8640001,100.0,False,False,2024-11-11 16:54:47.394669
159,PLPI,HHZ,FFT,2021-09-22,2021-09-23,10,0.0,False,8640,1500,0,50.0,8640001,100.0,False,False,2024-11-11 16:54:55.504474
160,PPMA,HHN,FFT,2021-09-22,2021-09-23,10,0.0,False,8640,1500,0,50.0,8640001,100.0,False,False,2024-11-11 16:55:03.801060
161,PPMA,HHE,FFT,2021-09-22,2021-09-23,10,0.0,False,8640,1500,0,50.0,8640001,100.0,False,False,2024-11-11 16:55:12.156783
162,PPMA,HHZ,FFT,2021-09-22,2021-09-23,10,0.0,False,8640,1500,0,50.0,8640001,100.0,False,False,2024-11-11 16:55:20.785709
163,PLPI,HHN,FFT,2021-09-23,2021-09-24,10,0.0,False,8640,1500,0,50.0,8640001,100.0,False,False,2024-11-11 16:55:28.943895
164,PLPI,HHE,FFT,2021-09-23,2021-09-24,10,0.0,False,8640,1500,0,50.0,8640001,100.0,False,False,2024-11-11 16:55:36.997181
165,PLPI,HHZ,FFT,2021-09-23,2021-09-24,10,0.0,False,8640,1500,0,50.0,8640001,100.0,False,False,2024-11-11 16:55:44.995141
166,PPMA,HHN,FFT,2021-09-23,2021-09-24,10,0.0,False,8640,1500,0,50.0,8640001,100.0,False,False,2024-11-11 16:55:53.153503
167,PPMA,HHE,FFT,2021-09-23,2021-09-24,10,0.0,False,8640,1500,0,50.0,8640001,100.0,False,False,2024-11-11 16:56:01.275152
168,PPMA,HHZ,FFT,2021-09-23,2021-09-24,10,0.0,False,8640,1500,0,50.0,8640001,100.0,False,False,2024-11-11 16:56:09.293856
169,PLPI,HHN,FFT,2021-09-24,2021-09-25,10,0.0,False,8640,1500,0,50.0,8640001,100.0,False,False,2024-11-11 16:56:17.042179
170,PLPI,HHE,FFT,2021-09-24,2021-09-25,10,0.0,False,8640,1500,0,50.0,8640001,100.0,False,False,2024-11-11 16:56:25.031446
171,PLPI,HHZ,FFT,2021-09-24,2021-09-25,10,0.0,False,8640,1500,0,50.0,8640001,100.0,False,False,2024-11-11 16:56:32.903548
172,PPMA,HHN,FFT,2021-09-24,2021-09-25,10,0.0,False,8640,1500,0,50.0,8640001,100.0,False,False,2024-11-11 16:56:40.991695
173,PPMA,HHE,FFT,2021-09-24,2021-09-25,10,0.0,False,8640,1500,0,50.0,8640001,100.0,False,False,2024-11-11 16:56:49.078600
174,PPMA,HHZ,FFT,2021-09-24,2021-09-25,10,0.0,False,8640,1500,0,50.0,8640001,100.0,False,False,2024-11-11 16:56:56.851067
175,PLPI,HHN,FFT,2021-09-25,2021-09-26,10,0.0,False,8640,1500,0,50.0,8640001,100.0,False,False,2024-11-11 16:57:04.819308
176,PLPI,HHE,FFT,2021-09-25,2021-09-26,10,0.0,False,8640,1500,0,50.0,8640001,100.0,False,False,2024-11-11 16:57:12.671159
177,PLPI,HHZ,FFT,2021-09-25,2021-09-26,10,0.0,False,8640,1500,0,50.0,8640001,100.0,False,False,2024-11-11 16:57:20.688736
178,PPMA,HHN,FFT,2021-09-25,2021-09-26,10,0.0,False,8640,1500,0,50.0,8640001,100.0,False,False,2024-11-11 16:57:28.508988
179,PPMA,HHE,FFT,2021-09-25,2021-09-26,10,0.0,False,8640,1500,0,50.0,8640001,100.0,False,False,2024-11-11 16:57:36.668609
180,PPMA,HHZ,FFT,2021-09-25,2021-09-26,10,0.0,False,8640,1500,0,50.0,8640001,100.0,False,False,2024-11-11 16:57:44.493984
181,PLPI,HHN,FFT,2021-09-26,2021-09-27,10,0.0,False,8640,1500,0,50.0,8640001,100.0,False,False,2024-11-11 16:57:52.306579
182,PLPI,HHE,FFT,2021-09-26,2021-09-27,10,0.0,False,8640,1500,0,50.0,8640001,100.0,False,False,2024-11-11 16:58:00.349314
183,PLPI,HHZ,FFT,2021-09-26,2021-09-27,10,0.0,False,8640,1500,0,50.0,8640001,100.0,False,False,2024-11-11 16:58:08.398612
184,PPMA,HHN,FFT,2021-09-26,2021-09-27,10,0.0,False,8640,1500,0,50.0,8640001,100.0,False,False,2024-11-11 16:58:16.309643
185,PPMA,HHE,FFT,2021-09-26,2021-09-27,10,0.0,False,8640,1500,0,50.0,8640001,100.0,False,False,2024-11-11 16:58:24.185791
186,PPMA,HHZ,FFT,2021-09-26,2021-09-27,10,0.0,False,8640,1500,0,50.0,8640001,100.0,False,False,2024-11-11 16:58:32.083265
187,PLPI,HHN,FFT,2021-09-12,2021-09-26,3600.0,1800.0,False,671,5400,0,50.0,120960001,100.0,False,False,2024-11-12 11:08:36.344323
188,PLPI,HHE,FFT,2021-09-12,2021-09-26,3600.0,1800.0,False,671,5400,0,50.0,120960001,100.0,False,False,2024-11-12 11:10:45.864869
189,PLPI,HHZ,FFT,2021-09-12,2021-09-26,3600.0,1800.0,False,671,5400,0,50.0,120960001,100.0,False,False,2024-11-12 11:12:54.962045
190,PPMA,HHN,FFT,2021-09-12,2021-09-26,3600.0,1800.0,False,671,5400,0,50.0,120960001,100.0,False,False,2024-11-12 11:15:06.648081
191,PPMA,HHE,FFT,2021-09-12,2021-09-26,3600.0,1800.0,False,671,5400,0,50.0,120960001,100.0,False,False,2024-11-12 11:17:16.031326
192,PPMA,HHZ,FFT,2021-09-12,2021-09-26,3600.0,1800.0,False,671,5400,0,50.0,120960001,100.0,False,False,2024-11-12 11:19:25.006053
193,PPMA,HHZ,FFT,2021-09-12,2021-09-12 00:01:00,10,5,False,11,15,0,50.0,6001,100.0,False,False,2024-11-14 16:24:41.334137
194,PPMA,HHZ,FFT,2021-09-12 00:01:00,2021-09-12 00:02:00,10,5,False,11,15,0,50.0,6001,100.0,False,False,2024-11-14 16:52:33.306190
195,PPMA,HHZ,FFT,2021-09-12,2021-09-12 00:02:00,10,5,False,23,15,0,50.0,12001,100.0,False,False,2024-11-14 16:59:52.964566
196,PPMA,HHZ,FFT,2021-09-12,2021-09-12 00:02:00,10,5,False,23,15,0,50.0,12001,100.0,False,False,2024-11-14 17:00:54.211840
197,PPMA,HHZ,FFT,2021-09-12,2021-09-12 00:02:00,10,5,False,23,15,0,50.0,12001,100.0,False,False,2024-11-14 17:03:09.084474
198,PPMA,HHZ,FFT,2021-09-12,2021-09-12 00:02:00,10,5,False,23,15,0,50.0,12001,100.0,False,False,2024-11-14 17:12:52.228858
199,PPMA,HHZ,FFT,2021-09-12 00:05:00,2021-09-12 00:07:00,10,5,False,23,15,0,50.0,12001,100.0,False,False,2024-11-14 17:24:08.890763
200,PPMA,HHZ,FFT,2021-09-12 00:05:00,2021-09-12 00:07:00,10,5,False,23,15,0,50.0,12001,100.0,False,False,2024-11-14 18:20:39.908426
201,PPMA,HHE,FFT,2021-09-19,2021-09-20,60.0,0.0,False,1440,90,0,50.0,8640001,100.0,False,False,2024-11-14 18:27:22.115589
202,PPMA,HHN,FFT,2021-09-19,2021-09-20,60.0,0.0,False,1440,90,0,50.0,8640001,100.0,False,False,2024-11-14 18:27:49.453289
203,PPMA,HHZ,FFT,2021-09-19,2021-09-20,60.0,0.0,False,1440,90,0,50.0,8640001,100.0,False,False,2024-11-14 18:28:17.171787
204,PLPI,HHE,FFT,2021-09-19,2021-09-20,60.0,0.0,False,1440,90,0,50.0,8640001,100.0,False,False,2024-11-14 18:28:44.192046
205,PLPI,HHN,FFT,2021-09-19,2021-09-20,60.0,0.0,False,1440,90,0,50.0,8640001,100.0,False,False,2024-11-14 18:29:10.832736
206,PLPI,HHZ,FFT,2021-09-19,2021-09-20,60.0,0.0,False,1440,90,0,50.0,8640001,100.0,False,False,2024-11-14 18:29:37.575936
207,PPMA,HHE,FFT,2021-09-19,2021-09-20 02:00:00,60.0,0.0,False,1560,90,0,50.0,9360001,100.0,False,False,2024-11-14 18:36:51.266137
208,PPMA,HHN,FFT,2021-09-19,2021-09-20 02:00:00,60.0,0.0,False,1560,90,0,50.0,9360001,100.0,False,False,2024-11-14 18:37:21.033098
209,PPMA,HHZ,FFT,2021-09-19,2021-09-20 02:00:00,60.0,0.0,False,1560,90,0,50.0,9360001,100.0,False,False,2024-11-14 18:37:50.661726
210,PLPI,HHE,FFT,2021-09-19,2021-09-20 02:00:00,60.0,0.0,False,1560,90,0,50.0,9360001,100.0,False,False,2024-11-14 18:38:19.873645
211,PLPI,HHN,FFT,2021-09-19,2021-09-20 02:00:00,60.0,0.0,False,1560,90,0,50.0,9360001,100.0,False,False,2024-11-14 18:38:48.730996
212,PLPI,HHZ,FFT,2021-09-19,2021-09-20 02:00:00,60.0,0.0,False,1560,90,0,50.0,9360001,100.0,False,False,2024-11-14 18:39:17.830772
213,PPMA,HHE,FFT,2021-09-19,2021-09-20 00:02:00,60.0,0.0,False,1442,90,0,50.0,8652001,100.0,False,False,2024-11-14 18:42:24.467611
214,PPMA,HHN,FFT,2021-09-19,2021-09-20 00:02:00,60.0,0.0,False,1442,90,0,50.0,8652001,100.0,False,False,2024-11-14 18:42:50.370932
215,PPMA,HHZ,FFT,2021-09-19,2021-09-20 00:02:00,60.0,0.0,False,1442,90,0,50.0,8652001,100.0,False,False,2024-11-14 18:43:17.524398
216,PLPI,HHE,FFT,2021-09-19,2021-09-20 00:02:00,60.0,0.0,False,1442,90,0,50.0,8652001,100.0,False,False,2024-11-14 18:43:43.526733
217,PLPI,HHN,FFT,2021-09-19,2021-09-20 00:02:00,60.0,0.0,False,1442,90,0,50.0,8652001,100.0,False,False,2024-11-14 18:44:10.276656
218,PLPI,HHZ,FFT,2021-09-19,2021-09-20 00:02:00,60.0,0.0,False,1442,90,0,50.0,8652001,100.0,False,False,2024-11-14 18:47:00.065820
219,PLPI,HHZ,FFT,2021-09-19 00:01:00,2021-09-20 00:02:00,60.0,0.0,False,1441,90,0,50.0,8646001,100.0,False,False,2024-11-14 18:54:37.268273
220,PLPI,HHN,FFT,2021-09-19 00:01:00,2021-09-20 00:02:00,10,5,False,17291,15,0,50.0,8646001,100.0,False,False,2024-11-14 18:55:23.440990
221,PLPI,HHZ,FFT,2021-09-19 00:02:00,2021-09-20 00:03:00,60.0,0.0,False,1441,90,0,50.0,8646001,100.0,False,False,2024-11-14 18:55:39.203666
222,PLPI,HHE,FFT,2021-09-19 00:01:00,2021-09-20 00:02:00,10,5,False,17291,15,0,50.0,8646001,100.0,False,False,2024-11-14 18:56:04.397238
223,PLPI,HHN,FFT,2021-09-19 00:02:00,2021-09-20 00:03:00,60.0,0.0,False,1441,90,0,50.0,8646001,100.0,False,False,2024-11-14 18:56:08.344341
224,PLPI,HHZ,FFT,2021-09-19 00:01:00,2021-09-20 00:02:00,10,5,False,17291,15,0,50.0,8646001,100.0,False,False,2024-11-14 18:56:44.611427
225,PPMA,HHN,FFT,2021-09-19 00:01:00,2021-09-20 00:02:00,10,5,False,17291,15,0,50.0,8646001,100.0,False,False,2024-11-14 18:57:21.224670
226,PPMA,HHE,FFT,2021-09-19 00:01:00,2021-09-20 00:02:00,10,5,False,17291,15,0,50.0,8646001,100.0,False,False,2024-11-14 18:57:58.143543
227,PPMA,HHZ,FFT,2021-09-19 00:01:00,2021-09-20 00:02:00,10,5,False,17291,15,0,50.0,8646001,100.0,False,False,2024-11-14 18:58:34.590595
228,PPMA,HHE,FFT,2021-09-20,2021-09-20 00:01:00,10.0,0.0,False,6,15,0,50.0,6001,100.0,False,False,2024-11-14 19:04:11.132843
229,PPMA,HHN,FFT,2021-09-20,2021-09-20 00:01:00,10.0,0.0,False,6,15,0,50.0,6001,100.0,False,False,2024-11-14 19:04:11.782673
230,PPMA,HHZ,FFT,2021-09-20,2021-09-20 00:01:00,10.0,0.0,False,6,15,0,50.0,6001,100.0,False,False,2024-11-14 19:04:12.432143
231,PLPI,HHE,FFT,2021-09-20,2021-09-20 00:01:00,10.0,0.0,False,6,15,0,50.0,6001,100.0,False,False,2024-11-14 19:04:12.993275
232,PLPI,HHN,FFT,2021-09-20,2021-09-20 00:01:00,10.0,0.0,False,6,15,0,50.0,6001,100.0,False,False,2024-11-14 19:04:13.571899
233,PLPI,HHZ,FFT,2021-09-20,2021-09-20 00:01:00,10.0,0.0,False,6,15,0,50.0,6001,100.0,False,False,2024-11-14 19:04:14.140188
234,PLPI,HHN,FFT,2021-09-20 00:01:00,2021-09-20 00:02:00,10,5,False,11,15,0,50.0,6001,100.0,False,False,2024-11-14 19:05:16.179788
235,PLPI,HHE,FFT,2021-09-20 00:01:00,2021-09-20 00:02:00,10,5,False,11,15,0,50.0,6001,100.0,False,False,2024-11-14 19:05:16.655350
236,PLPI,HHZ,FFT,2021-09-20 00:01:00,2021-09-20 00:02:00,10,5,False,11,15,0,50.0,6001,100.0,False,False,2024-11-14 19:05:17.038264
237,PPMA,HHN,FFT,2021-09-20 00:01:00,2021-09-20 00:02:00,10,5,False,11,15,0,50.0,6001,100.0,False,False,2024-11-14 19:05:17.506018
238,PPMA,HHE,FFT,2021-09-20 00:01:00,2021-09-20 00:02:00,10,5,False,11,15,0,50.0,6001,100.0,False,False,2024-11-14 19:05:18.056021
239,PPMA,HHZ,FFT,2021-09-20 00:01:00,2021-09-20 00:02:00,10,5,False,11,15,0,50.0,6001,100.0,False,False,2024-11-14 19:05:18.496762
240,PPMA,HHE,FFT,2021-09-20,2021-09-20 00:10:00,10.0,0.0,False,60,15,0,50.0,60001,100.0,False,False,2024-11-14 19:05:57.826719
241,PPMA,HHN,FFT,2021-09-20,2021-09-20 00:10:00,10.0,0.0,False,60,15,0,50.0,60001,100.0,False,False,2024-11-14 19:05:58.669611
242,PPMA,HHZ,FFT,2021-09-20,2021-09-20 00:10:00,10.0,0.0,False,60,15,0,50.0,60001,100.0,False,False,2024-11-14 19:05:59.503885
243,PLPI,HHE,FFT,2021-09-20,2021-09-20 00:10:00,10.0,0.0,False,60,15,0,50.0,60001,100.0,False,False,2024-11-14 19:06:00.360644
244,PLPI,HHN,FFT,2021-09-20,2021-09-20 00:10:00,10.0,0.0,False,60,15,0,50.0,60001,100.0,False,False,2024-11-14 19:06:01.101008
245,PLPI,HHZ,FFT,2021-09-20,2021-09-20 00:10:00,10.0,0.0,False,60,15,0,50.0,60001,100.0,False,False,2024-11-14 19:06:01.860940
246,PLPI,HHN,FFT,2021-09-20,2021-09-20 00:10:00,10,0,False,60,15,0,50.0,60001,100.0,False,False,2024-11-14 19:06:06.308529
247,PLPI,HHE,FFT,2021-09-20,2021-09-20 00:10:00,10,0,False,60,15,0,50.0,60001,100.0,False,False,2024-11-14 19:06:06.938423
248,PLPI,HHZ,FFT,2021-09-20,2021-09-20 00:10:00,10,0,False,60,15,0,50.0,60001,100.0,False,False,2024-11-14 19:06:07.511352
249,PPMA,HHN,FFT,2021-09-20,2021-09-20 00:10:00,10,0,False,60,15,0,50.0,60001,100.0,False,False,2024-11-14 19:06:08.127395
250,PPMA,HHE,FFT,2021-09-20,2021-09-20 00:10:00,10,0,False,60,15,0,50.0,60001,100.0,False,False,2024-11-14 19:06:08.826824
251,PPMA,HHZ,FFT,2021-09-20,2021-09-20 00:10:00,10,0,False,60,15,0,50.0,60001,100.0,False,False,2024-11-14 19:06:09.441611
